crim,zn,indus,nox,rm,age,dis,rad,tax,ptratio,popul,lstat,price
-0.4959,0.4288,-1.2579,-0.0815,0.5975,-0.0738,0.1058,-0.9329,-0.6072,-1.5179,0.4405,-1.1656,24.0
-0.4916,-0.4919,-0.5551,-0.7017,0.3251,0.4142,0.551,-0.8106,-0.9432,-0.3346,0.4405,-0.5173,21.6
-0.4916,-0.4919,-0.5551,-0.7017,1.6762,-0.2199,0.551,-0.8106,-0.9432,-0.3346,0.3593,-1.3137,34.7
-0.4906,-0.4919,-1.2771,-0.8005,1.3455,-0.7649,1.1068,-0.6883,-1.0676,0.0914,0.3952,-1.4836,33.4
-0.4832,-0.4919,-1.2771,-0.8005,1.609,-0.4657,1.1068,-0.6883,-1.0676,0.0914,0.4405,-1.1111,36.2
-0.4911,-0.4919,-1.2771,-0.8005,0.341,-0.3054,1.1068,-0.6883,-1.0676,0.0914,0.385,-1.1298,28.7
-0.4792,0.1475,-0.437,-0.2073,-0.3982,-0.024,0.8522,-0.4438,-0.5139,-1.5652,0.4145,-0.0045,22.9
-0.4678,0.1475,-0.437,-0.2073,-0.1152,1.0269,1.0501,-0.4438,-0.5139,-1.5652,0.4405,1.0428,27.1
-0.4543,0.1475,-0.437,-0.2073,-1.0719,1.1658,1.1169,-0.4438,-0.5139,-1.5652,0.2356,2.7229,16.5
-0.4627,0.1475,-0.437,-0.2073,-0.4123,0.6636,1.3758,-0.4438,-0.5139,-1.5652,0.2372,0.7233,18.9
-0.4515,0.1475,-0.437,-0.2073,0.2473,0.9628,1.2512,-0.4438,-0.5139,-1.5652,0.3531,1.2454,15.0
-0.4733,0.1475,-0.437,-0.2073,-0.4035,0.5567,1.1903,-0.4438,-0.5139,-1.5652,0.4405,0.1264,18.9
-0.4781,0.1475,-0.437,-0.2073,-0.6157,-1.0072,0.7965,-0.4438,-0.5139,-1.5652,0.3128,0.5067,21.7
-0.3694,-0.4919,-0.3972,-0.0815,-0.5096,-0.1949,0.4192,-0.566,-0.5388,1.18,0.4405,-0.6544,20.4
-0.3677,-0.4919,-0.3972,-0.0815,-0.2496,0.6137,0.2946,-0.566,-0.5388,1.18,0.1038,-0.3427,18.2
-0.3699,-0.4919,-0.3972,-0.0815,-0.713,-0.3837,0.3132,-0.566,-0.5388,1.18,0.4149,-0.6217,19.9
-0.2833,-0.4919,-0.3972,-0.0815,-0.5343,-1.3527,0.3132,-0.566,-0.5388,1.18,0.24,-0.9163,23.1
-0.338,-0.4919,-0.3972,-0.0815,-0.4371,0.5139,0.191,-0.566,-0.5388,1.18,0.238,0.3446,17.5
-0.3343,-0.4919,-0.3972,-0.0815,-1.3814,-1.0926,-0.0432,-0.566,-0.5388,1.18,-1.7116,-0.1199,20.2
-0.3499,-0.4919,-0.3972,-0.0815,-0.9022,0.0793,-0.0432,-0.566,-0.5388,1.18,0.3218,-0.1838,18.2
-0.2432,-0.4919,-0.3972,-0.0815,-1.1798,1.0982,-0.0424,-0.566,-0.5388,1.18,0.035,1.3342,13.6
-0.3243,-0.4919,-0.3972,-0.0815,-0.4813,0.7811,0.0664,-0.566,-0.5388,1.18,0.3533,0.2137,19.6
-0.2471,-0.4919,-0.3972,-0.0815,-0.1683,0.8702,0.0484,-0.566,-0.5388,1.18,0.4405,0.9758,15.2
-0.2966,-0.4919,-0.3972,-0.0815,-0.7501,1.1658,0.1084,-0.566,-0.5388,1.18,0.3934,1.1566,14.5
-0.3449,-0.4919,-0.3972,-0.0815,-0.5538,0.9557,0.2629,-0.566,-0.5388,1.18,0.3892,0.5986,15.6
-0.3266,-0.4919,-0.3972,-0.0815,-1.1285,0.6564,0.2909,-0.566,-0.5388,1.18,-1.4238,0.6313,13.9
-0.3608,-0.4919,-0.3972,-0.0815,-0.7501,0.8203,0.4063,-0.566,-0.5388,1.18,0.0412,0.3664,16.6
-0.3032,-0.4919,-0.3972,-0.0815,-0.3363,0.7669,0.2903,-0.566,-0.5388,1.18,-1.3648,0.7513,14.8
-0.3403,-0.4919,-0.3972,-0.0815,0.456,0.9664,0.2909,-0.566,-0.5388,1.18,0.2618,0.0531,18.4
-0.2937,-0.4919,-0.3972,-0.0815,0.7725,0.7134,0.1814,-0.566,-0.5388,1.18,0.108,-0.0747,21.0
-0.2677,-0.4919,-0.3972,-0.0815,-0.9269,0.9557,0.1784,-0.566,-0.5388,1.18,-0.2921,1.5805,12.7
-0.2223,-0.4919,-0.3972,-0.0815,-0.2921,1.1658,0.1489,-0.566,-0.5388,1.18,0.0382,0.0905,14.5
-0.2155,-0.4919,-0.3972,-0.0815,-0.5078,0.5246,0.0551,-0.566,-0.5388,1.18,-2.8362,2.3769,13.2
-0.2635,-0.4919,-0.3972,-0.0815,-0.9482,0.9877,-0.0479,-0.566,-0.5388,1.18,-0.32,0.9181,13.1
-0.1699,-0.4919,-0.3972,-0.0815,-0.2496,1.0554,-0.0618,-0.566,-0.5388,1.18,-2.5229,1.2283,13.5
-0.4841,-0.4919,-0.719,-0.432,-0.5379,0.033,-0.2646,-0.4438,-0.713,0.328,0.4405,-0.4331,18.9
-0.4774,-0.4919,-0.719,-0.432,-0.7006,-0.2092,-0.2556,-0.4438,-0.713,0.328,0.0548,-0.1635,20.0
-0.4809,-0.4919,-0.719,-0.432,-0.6847,-0.9181,0.0267,-0.4438,-0.713,0.328,0.4405,-0.5749,21.0
-0.4616,-0.4919,-0.719,-0.432,-0.4795,-1.3206,-0.0174,-0.4438,-0.713,0.328,0.3713,-0.363,24.7
-0.4916,3.3445,-1.1634,-1.0702,0.6328,-1.6199,0.7713,-0.6883,-0.881,-0.0979,0.4151,-1.2685,30.8
-0.4903,3.3445,-1.1634,-1.0702,1.3915,-1.8336,0.7713,-0.6883,-0.881,-0.0979,0.4149,-1.6332,34.9
-0.4713,-0.4919,-0.5788,-0.8904,0.9423,-2.2931,0.9336,-0.6883,-0.9992,-0.2873,0.2113,-1.1874,26.6
-0.4685,-0.4919,-0.5788,-0.8904,-0.1205,-2.1613,0.9336,-0.6883,-0.9992,-0.2873,0.1706,-1.0363,25.3
-0.4648,-0.4919,-0.5788,-0.8904,-0.0463,-2.1649,0.9336,-0.6883,-0.9992,-0.2873,0.3918,-0.7822,24.7
-0.4723,-0.4919,-0.5788,-0.8904,-0.2974,-0.9715,0.9336,-0.6883,-0.9992,-0.2873,0.2907,-0.4534,21.2
-0.4624,-0.4919,-0.5788,-0.8904,-0.9818,-1.1924,0.6186,-0.6883,-0.9992,-0.2873,0.4405,-0.3505,19.3
-0.4589,-0.4919,-0.5788,-0.8904,-0.7978,-1.2102,0.6186,-0.6883,-0.9992,-0.2873,0.4405,0.2635,20.0
-0.4506,-0.4919,-0.5788,-0.8904,-0.3663,0.6493,0.9176,-0.6883,-0.9992,-0.2873,0.3575,0.9882,16.6
-0.4456,-0.4919,-0.5788,-0.8904,-1.4822,0.9984,1.0093,-0.6883,-0.9992,-0.2873,0.4405,2.86,14.4
-0.4526,-0.4919,-0.5788,-0.8904,-1.1232,-0.1878,1.1197,-0.6883,-0.9992,-0.2873,0.4405,0.583,19.4
-0.4792,0.5823,-0.7663,-0.9713,-0.4848,-0.7685,1.4887,-0.566,-0.937,-0.8079,0.4137,0.1544,19.7
-0.4884,0.5823,-0.7663,-0.9713,-0.216,-0.1522,1.4887,-0.566,-0.937,-0.8079,0.382,-0.4721,20.5
-0.4863,0.5823,-0.7663,-0.9713,0.4843,-1.6448,1.4887,-0.566,-0.937,-0.8079,0.4405,-1.1189,25.0
-0.4871,0.5823,-0.7663,-0.9713,-0.4229,-1.6341,1.4887,-0.566,-0.937,-0.8079,0.4405,-0.6279,23.4
-0.4944,3.3445,-1.0084,-1.2319,-0.6175,-0.7008,1.7451,-0.6883,0.4692,1.2273,0.4405,0.3648,18.9
-0.4658,0.7869,-0.8415,-0.8455,-0.163,-1.3563,1.9963,-0.0769,-0.6819,0.5647,0.3164,-0.8726,23.3
-0.4762,0.7869,-0.8415,-0.8455,-0.5485,-0.715,1.5483,-0.0769,-0.6819,0.5647,0.4405,-0.5048,19.6
-0.4669,0.7869,-0.8415,-0.8455,-0.8774,-0.0382,1.6972,-0.0769,-0.6819,0.5647,0.4048,0.1077,18.7
-0.4623,0.7869,-0.8415,-0.8455,-0.4795,0.9307,1.4907,-0.0769,-0.6819,0.5647,0.0651,0.3087,16.0
-0.4748,0.7869,-0.8415,-0.8455,0.387,0.0188,1.6972,-0.0769,-0.6819,0.5647,0.4405,-0.8929,22.2
-0.4715,0.7869,-0.8415,-0.8455,0.9282,-0.8504,2.0806,-0.0769,-0.6819,0.5647,0.4141,-0.4612,25.0
-0.4932,0.4033,-1.3952,-1.1771,1.533,-0.2769,2.711,-0.6883,-1.105,0.0441,0.3675,-0.6872,33.0
-0.4899,3.6002,-1.1014,-1.3398,0.0935,-1.7624,1.3856,-0.566,-0.3521,-1.1392,0.4405,-1.2139,23.5
-0.4883,3.6002,-1.1014,-1.3398,-0.7961,-1.2886,1.3856,-0.566,-0.3521,-1.1392,0.4405,-0.3458,19.4
-0.4854,0.1475,-0.7028,-1.2409,-0.6351,-1.6341,1.328,-0.566,-0.3023,0.186,0.4267,-0.6794,22.0
-0.4697,0.1475,-0.7028,-1.2409,-1.1374,-1.0855,1.328,-0.566,-0.3023,0.186,0.4405,0.0983,17.4
-0.4712,0.1475,-0.7028,-1.2409,-0.6228,-1.2209,1.328,-0.566,-0.3023,0.186,0.4405,-0.5718,20.9
-0.4793,-0.4919,-0.003,-1.205,0.318,-2.1613,0.7135,-0.566,-0.5512,0.328,0.1778,-0.8944,24.2
-0.4649,-0.4919,-0.003,-1.205,-0.4884,-1.773,0.7135,-0.566,-0.5512,0.328,0.0424,-0.402,21.7
-0.4786,-0.4919,-0.003,-1.205,-0.3044,-2.1186,0.7135,-0.566,-0.5512,0.328,0.321,-1.0815,22.8
-0.4575,-0.4919,-0.003,-1.205,0.0139,-2.1756,0.7135,-0.566,-0.5512,0.328,0.047,-0.7666,23.4
-0.4811,-0.4919,0.2953,-0.9893,0.0634,-2.1827,0.1878,-0.4438,0.0274,0.0914,0.401,-0.8851,24.1
-0.4779,-0.4919,0.2953,-0.9893,0.0864,-0.7934,0.3152,-0.4438,0.0274,0.0914,0.1678,-0.5485,21.4
-0.4766,-0.4919,0.2953,-0.9893,0.074,0.2575,0.0866,-0.4438,0.0274,0.0914,-0.023,-0.0762,20.0
-0.4795,-0.4919,0.2953,-0.9893,-0.1718,-0.7649,0.1061,-0.4438,0.0274,0.0914,0.2422,-0.3412,20.8
-0.4857,-0.4919,0.2953,-0.9893,-0.0091,-0.4835,0.5748,-0.4438,0.0274,0.0914,0.2311,-0.0186,21.2
-0.4801,-0.4919,0.2953,-0.9893,-0.6422,-1.0926,0.3152,-0.4438,0.0274,0.0914,0.4237,-0.5235,20.3
-0.4888,0.7869,-0.8814,-1.0881,0.8663,-1.2031,0.7711,-0.566,-0.7006,0.2334,0.4405,-1.1173,28.0
-0.4881,0.7869,-0.8814,-1.0881,0.6753,0.1114,0.7711,-0.566,-0.7006,0.2334,0.4151,-0.8165,23.9
-0.4897,0.7869,-0.8814,-1.0881,0.1147,-1.2494,0.7711,-0.566,-0.7006,0.2334,0.4405,-0.8944,24.8
-0.49,0.7869,-0.8814,-1.0881,-0.1241,-0.7329,0.7711,-0.566,-0.7006,0.2334,0.3156,-0.7713,22.9
-0.4869,-0.4919,-0.936,-0.8814,0.2685,-0.6865,0.4557,-0.6883,-0.9121,-0.0033,0.4405,-0.4425,23.9
-0.4855,-0.4919,-0.936,-0.8814,0.6947,-0.398,0.2823,-0.6883,-0.9121,-0.0033,0.3487,-0.9241,26.6
-0.4866,-0.4919,-0.936,-0.8814,-0.3929,-0.7899,0.277,-0.6883,-0.9121,-0.0033,0.4223,0.0625,22.5
-0.4827,-0.4919,-0.936,-0.8814,-0.2054,-0.3731,-0.068,-0.6883,-0.9121,-0.0033,0.4056,-0.6264,22.2
-0.4857,-0.4919,-1.0955,-0.5219,1.3614,0.6778,-0.2334,-0.8106,-0.769,-0.3346,0.4405,-1.0846,23.6
-0.4864,-0.4919,-1.0955,-0.5219,1.4888,-0.1486,-0.237,-0.8106,-0.769,-0.3346,0.4237,-1.0534,28.7
-0.4877,-0.4919,-1.0955,-0.5219,0.318,-0.0418,-0.4006,-0.8106,-0.769,-0.3346,0.3463,-0.5687,22.6
-0.4892,-0.4919,-1.0955,-0.5219,0.2968,0.2361,-0.4007,-0.8106,-0.769,-0.3346,0.3736,-0.6638,22.0
-0.4886,0.9403,0.6215,-0.7466,0.3623,-0.4871,-0.1094,-0.566,-0.769,-0.1453,0.4028,-0.67,22.9
-0.4913,0.9403,0.6215,-0.7466,-0.0463,-1.3669,-0.1094,-0.566,-0.769,-0.1453,0.4291,-0.9739,25.0
-0.4885,0.9403,0.6215,-0.7466,0.0209,0.3572,-0.1353,-0.566,-0.769,-0.1453,0.4405,-0.2913,20.6
-0.4724,-0.4919,-1.1723,-0.9174,0.6859,-0.3374,-0.1961,-0.8106,-0.7317,-0.2399,-0.3357,-0.9054,28.4
-0.4738,-0.4919,-1.1723,-0.9174,-0.1311,0.0829,-0.1961,-0.8106,-0.7317,-0.2399,0.3393,-0.1744,21.4
-0.4726,-0.4919,-1.1723,-0.9174,3.2395,0.3109,-0.1961,-0.8106,-0.7317,-0.2399,0.4405,-1.2856,38.7
-0.4806,-0.4919,-1.1723,-0.9174,2.7992,-1.082,-0.1961,-0.8106,-0.7317,-0.2399,0.3732,-1.3854,43.8
-0.4832,-0.4919,-1.1723,-0.9174,2.0847,-0.17,-0.1961,-0.8106,-0.7317,-0.2399,0.4405,-0.977,33.2
-0.467,-0.4919,-0.3352,-0.2433,0.8663,0.4498,-0.5602,-0.4438,-0.0597,1.1327,0.3978,-0.4736,27.5
-0.474,-0.4919,-0.3352,-0.2433,0.9618,0.1435,-0.5205,-0.4438,-0.0597,1.1327,0.4141,-0.7464,26.5
-0.4542,-0.4919,-0.3352,-0.2433,-0.1771,0.717,-0.5922,-0.4438,-0.0597,1.1327,0.392,0.1529,19.3
-0.4688,-0.4919,-0.3352,-0.2433,-0.1241,0.8096,-0.7413,-0.4438,-0.0597,1.1327,0.3565,-0.0201,20.1
-0.4703,-0.4919,-0.3352,-0.2433,-0.6829,1.0483,-0.9007,-0.4438,-0.0597,1.1327,0.3836,0.6251,19.5
-0.4624,-0.4919,-0.3352,-0.2433,-0.7094,0.8773,-0.8479,-0.4438,-0.0597,1.1327,0.4159,0.9664,19.5
-0.4705,-0.4919,-0.3352,-0.2433,-0.1948,0.6386,-0.8929,-0.4438,-0.0597,1.1327,0.2568,0.2542,20.4
-0.4712,-0.4919,-0.3352,-0.2433,0.4188,1.0625,-0.7353,-0.4438,-0.0597,1.1327,0.4073,-0.0295,19.8
-0.4437,-0.4919,-0.3352,-0.2433,-0.0144,0.8524,-0.6783,-0.4438,-0.0597,1.1327,0.3274,0.4817,19.4
-0.4753,-0.4919,-0.3352,-0.2433,-0.0745,-0.4586,-0.5602,-0.4438,-0.0597,1.1327,0.3724,0.0843,21.7
-0.4767,-0.4919,-0.1211,-0.0006,0.845,0.5104,-0.6111,-0.3215,0.239,-0.3346,0.4143,-0.3583,22.8
-0.4721,-0.4919,-0.1211,-0.0006,-0.5732,0.9129,-0.7756,-0.3215,0.239,-0.3346,0.4016,0.5846,18.8
-0.4521,-0.4919,-0.1211,-0.0006,-0.2567,1.002,-0.6768,-0.3215,0.239,-0.3346,0.4405,0.7217,18.7
-0.4683,-0.4919,-0.1211,-0.0006,0.0298,0.603,-0.8248,-0.3215,0.239,-0.3346,0.2777,-0.3131,18.5
-0.4624,-0.4919,-0.1211,-0.0006,-0.5467,0.7455,-0.7199,-0.3215,0.239,-0.3346,-0.5964,0.5145,18.3
-0.4705,-0.4919,-0.1211,-0.0006,-0.1081,0.1862,-0.5844,-0.3215,0.239,-0.3346,0.3687,-0.0653,21.2
-0.4665,-0.4919,-0.1211,-0.0006,-0.3823,0.546,-0.5756,-0.3215,0.239,-0.3346,0.3928,-0.3365,19.2
-0.4707,-0.4919,-0.1211,-0.0006,-0.6458,0.2076,-0.7126,-0.3215,0.239,-0.3346,-0.7216,0.4537,20.4
-0.4678,-0.4919,-0.1211,-0.0006,-0.8951,-0.0738,-0.5696,-0.3215,0.239,-0.3346,0.3328,0.1794,19.3
-0.4832,-0.4919,2.188,0.305,-0.6493,0.0865,-0.8242,-0.8106,-1.2792,0.2807,0.2859,0.2978,22.0
-0.4826,-0.4919,2.188,0.305,-0.4123,0.5994,-0.8548,-0.8106,-1.2792,0.2807,0.0569,0.2822,20.3
-0.4783,-0.4919,2.188,0.305,-0.4884,0.9129,-0.9109,-0.8106,-1.2792,0.2807,0.0653,0.8526,20.5
-0.4666,-0.4919,2.188,0.305,-0.674,1.059,-0.9832,-0.8106,-1.2792,0.2807,-0.0898,2.0184,17.3
-0.4772,-0.4919,2.188,0.305,-0.6334,1.0162,-0.9518,-0.8106,-1.2792,0.2807,0.0911,0.7981,18.8
-0.4629,-0.4919,2.188,0.305,-0.4442,0.7526,-0.9586,-0.8106,-1.2792,0.2807,0.2035,0.3664,21.4
-0.4186,-0.4919,2.188,0.305,-1.1038,1.0091,-1.0782,-0.8106,-1.2792,0.2807,-0.3096,2.3067,15.7
-0.4446,-0.4919,1.6328,0.6914,-0.9623,1.0234,-1.0624,-0.566,0.2701,1.2747,0.3449,0.7373,16.2
-0.4311,-0.4919,1.6328,0.6914,0.3428,1.1231,-1.0501,-0.566,0.2701,1.2747,0.4405,0.4568,18.0
-0.3183,-0.4919,1.6328,0.6914,-1.0613,0.977,-0.9652,-0.566,0.2701,1.2747,0.4405,0.9165,14.3
-0.4282,-0.4919,1.6328,0.6914,0.3906,1.1267,-0.8948,-0.566,0.2701,1.2747,0.4034,0.022,19.2
-0.2551,-0.4919,1.6328,0.6914,0.1571,1.0839,-0.8174,-0.566,0.2701,1.2747,0.4405,-0.031,19.6
-0.3774,-0.4919,1.6328,0.6914,0.2385,1.091,-0.7888,-0.566,0.2701,1.2747,0.2183,-0.2087,23.0
-0.4302,-0.4919,1.6328,0.6914,-0.7342,1.002,-0.7165,-0.566,0.2701,1.2747,0.2767,0.4007,18.4
-0.2991,-0.4919,1.6328,0.6914,-0.8491,1.1089,-0.7794,-0.566,0.2701,1.2747,-2.2347,0.756,15.6
-0.384,-0.4919,1.6328,0.6914,0.173,1.1017,-0.8988,-0.566,0.2701,1.2747,0.396,0.7015,18.1
-0.4317,-0.4919,1.6328,0.6914,-0.522,0.9343,-0.9718,-0.566,0.2701,1.2747,0.0685,0.6921,17.4
-0.4257,-0.4919,1.6328,0.6914,0.3835,1.1089,-1.0312,-0.566,0.2701,1.2747,0.3842,0.3321,17.1
-0.4465,-0.4919,1.6328,0.6914,-0.6723,1.1017,-1.1232,-0.566,0.2701,1.2747,0.3435,1.381,13.3
-0.3867,-0.4919,1.6328,0.6914,-0.1524,1.091,-1.1231,-0.566,0.2701,1.2747,0.4405,0.9353,17.8
-0.4381,-0.4919,1.6328,0.6914,-0.1117,0.9379,-1.152,-0.566,0.2701,1.2747,0.2646,1.8236,14.0
0.3343,-0.4919,1.2918,2.9114,-1.3602,1.1658,-1.2535,-0.4438,0.0585,-1.8019,0.4405,2.1758,15.6
0.0669,-0.4919,1.2918,2.9114,-2.3594,1.0875,-1.287,-0.4438,0.0585,-1.8019,0.4405,2.6231,11.8
-0.0143,-0.4919,1.2918,2.9114,-0.1895,1.1658,-1.2498,-0.4438,0.0585,-1.8019,-4.0266,2.3909,13.8
-0.0599,-0.4919,1.2918,2.9114,-1.0773,1.1658,-1.2003,-0.4438,0.0585,-1.8019,-4.0992,0.6532,15.6
-0.0165,-0.4919,1.2918,2.9114,-2.3187,1.0127,-1.2287,-0.4438,0.0585,-1.8019,0.3369,2.6605,14.6
-0.0242,-0.4919,1.2918,2.9114,-1.8589,0.945,-1.1937,-0.4438,0.0585,-1.8019,-0.3555,2.4719,17.8
0.0576,-0.4919,1.2918,2.9114,-1.1321,0.9842,-1.1957,-0.4438,0.0585,-1.8019,-0.458,1.4012,15.4
-0.161,-0.4919,1.2918,2.9114,-0.2036,1.0697,-1.1489,-0.4438,0.0585,-1.8019,-0.0402,0.2557,21.5
-0.1935,-0.4919,1.2918,2.9114,-1.4734,1.1658,-1.1623,-0.4438,0.0585,-1.8019,-0.6624,0.1279,19.6
-0.0611,-0.4919,1.2918,2.9114,-0.934,1.1124,-1.1462,-0.4438,0.0585,-1.8019,-2.2509,0.5191,19.4
-0.0007,-0.4919,1.2918,2.9114,-1.7068,0.9521,-1.0888,-0.4438,0.0585,-1.8019,-5.7074,0.5737,13.1
-0.2489,-0.4919,1.2918,0.5207,1.2482,1.0732,-1.0173,-0.4438,0.0585,-1.8019,-0.227,-1.2264,41.3
-0.2247,-0.4919,1.2918,0.5207,-0.3027,1.1658,-1.0782,-0.4438,0.0585,-1.8019,-0.4173,-0.9396,24.3
-0.208,-0.4919,1.2918,2.9114,0.4825,1.1658,-1.0738,-0.4438,0.0585,-1.8019,-0.2095,-0.79,23.3
-0.0421,-0.4919,1.2918,0.5207,-0.6776,0.8737,-0.7408,-0.4438,0.0585,-1.8019,0.4048,-0.1277,22.7
0.0962,-0.4919,1.2918,0.5207,-0.2408,0.9165,-0.8111,-0.4438,0.0585,-1.8019,-2.6854,-0.4129,25.0
-0.1319,-0.4919,1.2918,0.5207,-0.6369,0.4249,-0.7388,-0.4438,0.0585,-1.8019,-2.9357,-0.0497,23.8
-0.0304,-0.4919,1.2918,0.5207,0.1447,1.0269,-0.9042,-0.4438,0.0585,-1.8019,-1.5501,-0.2118,23.8
-0.0001,-0.4919,1.2918,0.5207,0.2915,0.9949,-0.8217,-0.4438,0.0585,-1.8019,-0.8929,-0.1775,22.3
-0.2522,-0.4919,1.2918,0.5207,-0.6404,0.9735,-0.7388,-0.4438,0.0585,-1.8019,-1.6458,0.3072,17.4
-0.0276,-0.4919,1.2918,0.5207,-0.6316,1.0697,-0.7577,-0.4438,0.0585,-1.8019,-0.5322,-0.0669,19.1
-0.4689,-0.4919,-1.001,-0.3332,-1.1763,0.7562,-0.6524,-0.4438,-0.6072,-0.9026,0.4405,0.3477,23.1
-0.4785,-0.4919,-1.001,-0.3332,0.3163,0.5994,-0.6269,-0.4438,-0.6072,-0.9026,0.4125,-0.5329,23.6
-0.48,-0.4919,-1.001,-0.3332,-0.6687,0.0509,-0.5987,-0.4438,-0.6072,-0.9026,0.3673,-0.4394,22.6
-0.4836,-0.4919,-1.001,-0.3332,0.5462,-1.2173,-0.3803,-0.4438,-0.6072,-0.9026,0.322,-1.1111,29.4
-0.4829,-0.4919,-1.001,-0.3332,-0.384,-0.715,-0.1658,-0.4438,-0.6072,-0.9026,0.3673,-0.3661,23.2
-0.4862,-0.4919,-1.001,-0.3332,0.1377,0.2183,-0.2863,-0.4438,-0.6072,-0.9026,0.4145,-0.9615,24.6
-0.4837,-0.4919,-1.001,-0.3332,1.1015,0.2539,-0.4904,-0.4438,-0.6072,-0.9026,0.3282,-0.8633,29.9
-0.4854,-0.4919,-1.2357,-0.5309,1.3137,-0.3161,-0.5342,-0.6883,-1.2481,-0.3346,0.4405,-1.1563,37.2
-0.4838,-0.4919,-1.2357,-0.5309,2.7019,0.5709,-0.5789,-0.6883,-1.2481,-0.3346,0.4137,-0.7635,39.8
-0.4832,-0.4919,-1.2357,-0.5309,-0.1647,-0.1807,-0.6515,-0.6883,-1.2481,-0.3346,0.4405,-0.469,36.2
-0.4787,-0.4919,-1.2357,-0.5309,1.6232,0.888,-0.5994,-0.6883,-1.2481,-0.3346,0.385,-1.1906,37.9
-0.4769,-0.4919,-1.2357,-0.5309,0.5762,1.0091,-0.5251,-0.6883,-1.2481,-0.3346,0.4405,-1.0565,32.5
-0.4803,-0.4919,-1.2357,-0.5309,-1.1197,0.8025,-0.4536,-0.6883,-1.2481,-0.3346,0.3228,0.237,26.4
-0.4849,-0.4919,-1.2357,-0.5309,-0.1488,0.0544,-0.3055,-0.6883,-1.2481,-0.3346,0.2452,0.1077,29.6
-0.4812,1.8099,-1.0911,-0.9893,0.9635,-0.9323,-0.0472,-0.4438,0.0274,-1.5652,0.38,-0.9007,32.0
-0.4716,1.8099,-1.0911,-0.9893,0.5639,-1.3598,0.3478,-0.4438,0.0274,-1.5652,0.1601,-1.2311,29.8
-0.4802,1.8099,-1.0911,-0.9893,1.6762,-1.0107,0.3478,-0.4438,0.0274,-1.5652,0.4405,-1.1017,34.9
-0.4788,1.8099,-1.0911,-0.9893,1.2624,-1.6306,1.3188,-0.4438,0.0274,-1.5652,0.0571,-1.1469,37.0
-0.4831,1.8099,-1.0911,-0.9893,0.8875,-1.2993,1.3188,-0.4438,0.0274,-1.5652,0.2971,-1.2108,30.5
-0.4796,1.8099,-1.0911,-0.9893,1.6638,-1.4596,1.3188,-0.4438,0.0274,-1.5652,0.3126,-1.4945,36.4
-0.4927,2.5772,-1.1664,-1.3128,0.9954,-2.0438,1.1867,-0.9329,-0.8001,-1.3759,0.3701,-1.1578,31.1
-0.4942,2.5772,-1.1664,-1.3128,0.6487,-1.7267,1.1867,-0.9329,-0.8001,-1.3759,0.0376,-1.2591,29.1
-0.489,3.6002,-1.3745,-1.2859,1.8566,-1.1817,1.7396,-0.8106,-0.4019,-2.7958,0.4405,-1.3059,33.3
-0.4877,3.6002,-1.3745,-1.2859,1.5383,-1.0926,1.7396,-0.8106,-0.4019,-2.7958,-0.4089,-0.5999,30.3
-0.4895,3.6002,-1.3745,-1.2859,1.8336,-1.0321,1.7396,-0.8106,-0.4019,-2.7958,0.3467,-0.91,34.6
-0.4695,-0.4919,-0.0355,-0.5219,-0.6122,-1.6021,0.0324,-0.566,-0.7254,0.0441,0.4405,-0.2477,22.6
-0.4506,-0.4919,-0.0355,-0.5219,0.1571,-0.5262,0.2403,-0.566,-0.7254,0.0441,0.4,-0.2321,24.4
-0.446,-0.4919,-0.0355,-0.5219,-0.8031,0.1933,0.2403,-0.566,-0.7254,0.0441,0.2915,0.8729,22.5
-0.4686,-0.4919,-0.0355,-0.5219,0.2438,-1.2458,0.0324,-0.566,-0.7254,0.0441,0.2193,-0.4799,28.1
-0.4384,-0.4919,-0.0355,-0.5219,-1.4592,-2.0473,-0.1492,-0.566,-0.7254,0.0441,-0.5162,2.6636,23.7
-0.457,-0.4919,-0.0355,-0.5219,-0.0975,-0.886,0.0324,-0.566,-0.7254,0.0441,0.3752,-0.4659,25.0
-0.4829,-0.4919,0.4518,0.0263,0.7159,0.6351,-0.2337,-0.4438,-0.7317,-0.9972,0.3583,-0.4316,28.7
-0.3724,-0.4919,-0.6836,-0.3601,0.6735,0.4819,-0.3093,-0.0769,-0.5388,-0.5239,0.4405,-0.7573,30.1
-0.4332,-0.4919,-0.6836,-0.3871,3.5879,0.3928,-0.501,-0.0769,-0.5388,-0.5239,0.2041,-1.2965,44.8
-0.4196,-0.4919,-0.6836,-0.3871,3.1882,0.6849,-0.3379,-0.0769,-0.5388,-0.5239,0.2506,-1.4539,37.6
-0.4135,-0.4919,-0.6836,-0.3871,1.6373,0.4498,-0.3379,-0.0769,-0.5388,-0.5239,-0.0545,-0.9505,31.6
-0.4075,-0.4919,-0.6836,-0.3871,0.5568,-1.6341,-0.257,-0.0769,-0.5388,-0.5239,0.1102,-1.3558,31.5
-0.3882,-0.4919,-0.6836,-0.3871,-0.453,0.0295,-0.1066,-0.0769,-0.5388,-0.5239,0.0705,-0.1261,24.3
-0.4032,-0.4919,-0.6836,-0.3871,2.0776,0.343,-0.1066,-0.0769,-0.5388,-0.5239,0.0264,-1.1235,31.7
-0.4301,-0.4919,-0.6836,-0.3601,-0.2673,-0.2056,-0.1166,-0.0769,-0.5388,-0.5239,0.0386,-0.2461,24.0
-0.3933,-0.4919,-0.6836,-0.3601,1.9822,0.1542,0.1352,-0.0769,-0.5388,-0.5239,0.3042,-1.2046,31.5
-0.4804,1.0427,-0.8711,-1.0702,0.4312,-1.7374,1.1716,-0.3215,-0.5823,-0.9026,0.0916,-0.9505,23.7
-0.4784,1.0427,-0.8711,-1.0702,0.6523,-0.8932,1.1716,-0.3215,-0.5823,-0.9026,0.1788,-0.7931,23.3
-0.4742,1.0427,-0.8711,-1.0702,1.1669,-0.4621,1.2458,-0.3215,-0.5823,-0.9026,0.3278,-0.1682,22.0
-0.4756,1.0427,-0.8711,-1.0702,-0.2514,-0.0774,1.2458,-0.3215,-0.5823,-0.9026,0.395,-0.0092,20.1
-0.4763,1.0427,-0.8711,-1.0702,0.2137,-0.512,1.6008,-0.3215,-0.5823,-0.9026,-0.0412,-0.1931,22.2
-0.4713,1.0427,-0.8711,-1.0702,0.2756,-2.1186,1.6008,-0.3215,-0.5823,-0.9026,-0.0021,-1.1329,23.7
-0.4553,0.6334,-0.7338,-1.0432,-1.1391,0.3287,2.0675,-0.1992,-0.3957,0.2807,-0.0464,0.0064,17.6
-0.4583,0.6334,-0.7338,-1.0432,-1.1179,0.1043,2.0675,-0.1992,-0.3957,0.2807,0.2855,0.9353,18.5
-0.4282,0.6334,-0.7338,-1.0432,-0.2284,-1.1532,2.1185,-0.1992,-0.3957,0.2807,0.3064,-0.5142,24.3
-0.4573,0.6334,-0.7338,-1.0432,-0.0197,0.4249,2.1185,-0.1992,-0.3957,0.2807,0.0264,-0.3599,20.5
-0.4638,0.6334,-0.7338,-1.0432,0.3463,-0.6474,2.0023,-0.1992,-0.3957,0.2807,-0.0021,-0.4581,24.5
-0.4585,0.6334,-0.7338,-1.0432,0.8503,-1.773,2.0023,-0.1992,-0.3957,0.2807,0.3774,-0.9194,26.2
-0.4687,0.6334,-0.7338,-1.0432,0.4418,-1.9333,1.7841,-0.1992,-0.3957,0.2807,0.4281,-1.0222,24.4
-0.4537,0.6334,-0.7338,-1.0432,0.3552,-2.0794,1.7841,-0.1992,-0.3957,0.2807,0.045,-1.3823,24.8
-0.4805,0.6334,-0.7338,-1.0432,1.273,-2.1542,2.5505,-0.1992,-0.3957,0.2807,0.2249,-1.3916,29.6
-0.4223,0.6334,-0.7338,-1.0432,3.5755,-2.0972,2.5505,-0.1992,-0.3957,0.2807,0.4405,-1.3901,42.8
-0.4874,3.6002,-1.0615,-1.3937,-0.2284,-1.2565,2.7097,-0.9329,-0.489,-0.9972,0.3605,-0.9178,21.9
-0.49,3.6002,-1.0615,-1.3937,-0.6387,-1.716,2.7097,-0.9329,-0.489,-0.9972,0.4062,-0.5001,20.9
-0.3625,0.5311,-1.0128,0.8982,1.9379,1.1658,-1.0085,-0.4438,-0.8063,-2.6065,0.169,-0.7277,36.0
-0.3639,0.5311,-1.0128,0.8982,1.0696,1.1658,-0.9495,-0.4438,-0.8063,-2.6065,0.3413,-0.8664,30.1
-0.3876,0.5311,-1.0128,0.8982,1.708,0.5175,-0.8981,-0.4438,-0.8063,-2.6065,0.3587,-0.4472,33.8
-0.3888,0.5311,-1.0128,0.8982,2.2686,0.7882,-0.884,-0.4438,-0.8063,-2.6065,0.2703,-0.8103,43.1
-0.3297,0.5311,-1.0128,0.8982,1.9273,0.9699,-0.915,-0.4438,-0.8063,-2.6065,0.3711,-0.1884,31.0
-0.3855,0.5311,-1.0128,0.8982,1.7133,0.8666,-0.9905,-0.4438,-0.8063,-2.6065,0.2608,-0.6794,36.5
-0.3426,0.5311,-1.0128,0.8982,-1.1975,-0.1593,-0.9618,-0.4438,-0.8063,-2.6065,0.3507,-0.3131,22.8
-0.3377,0.5311,-1.0128,0.8982,1.3738,0.6173,-0.8875,-0.4438,-0.8063,-2.6065,0.1846,0.3633,30.7
-0.3875,0.5311,-1.0128,0.251,2.1802,-0.5227,-0.5124,-0.4438,-0.8063,-2.6065,0.3088,-1.4493,43.5
-0.4365,0.5311,-0.5714,-0.7466,-0.674,-0.8967,0.2779,-0.6883,-1.0614,0.0441,0.2759,0.0843,21.1
-0.4643,0.5311,-0.5714,-0.7466,0.005,-1.8158,0.2779,-0.6883,-1.0614,0.0441,0.4405,-0.9147,25.2
-0.4739,0.5311,-0.5714,-0.7466,0.532,-0.3054,0.0183,-0.6883,-1.0614,0.0441,0.4018,-0.737,24.4
-0.4777,1.5542,-0.6526,-0.8994,1.0909,-0.8718,0.1958,-0.566,-0.8685,-0.4293,0.4405,-1.4773,32.0
-0.481,1.5542,-0.6526,-0.8994,0.433,-1.2529,0.1313,-0.566,-0.8685,-0.4293,0.4405,-0.8212,29.1
-0.4545,0.5311,-1.1073,-0.9362,1.0166,-1.2494,0.1112,-0.4438,-1.105,-1.7072,0.4405,-1.1859,35.1
-0.4899,0.5311,-1.1073,-0.9362,2.7992,-0.0988,0.4127,-0.4438,-1.105,-1.7072,0.2492,-1.3558,45.4
-0.4896,0.5311,-1.1073,-0.9362,1.2925,-1.0713,0.6919,-0.4438,-1.105,-1.7072,0.3473,-1.2264,35.4
-0.4949,2.3214,-1.2667,-1.4207,0.3817,-1.2601,1.7388,-0.9329,-0.5823,-1.5179,0.397,-0.6591,22.0
-0.4932,3.6002,-1.3391,-1.4566,-0.0127,-1.2743,2.6432,-0.9329,-0.9494,-0.1453,-0.6624,0.0734,20.1
-0.4893,2.1936,-0.8135,-1.2769,-0.0498,-1.2814,1.7438,-0.3215,-0.6259,-0.9026,0.4405,-0.829,23.2
-0.4878,2.1936,-0.8135,-1.2769,0.1377,-0.772,1.7438,-0.3215,-0.6259,-0.9026,0.4405,-0.7573,22.3
-0.4884,2.1936,-0.8135,-1.2769,0.5798,-1.5807,1.7438,-0.3215,-0.6259,-0.9026,-0.0617,-0.4596,24.8
-0.4901,3.6002,-0.8681,-1.2229,1.1032,-1.4026,0.6269,-0.566,-0.9245,0.328,0.4405,-1.4228,28.5
-0.4812,3.6002,-0.8681,-1.2229,1.6108,-1.4097,0.6269,-0.566,-0.9245,0.328,0.4405,-1.3869,37.3
-0.4898,3.6002,-0.8681,-1.2229,0.6947,-1.5629,0.6269,-0.566,-0.9245,0.328,0.4405,-1.2093,27.9
-0.4804,-0.4919,0.4562,-0.9893,-0.1948,-1.741,0.8228,-0.566,-0.6508,-1.1866,0.4405,-0.6046,23.9
-0.4805,-0.4919,0.4562,-0.9893,-0.4035,-0.8896,0.8228,-0.566,-0.6508,-1.1866,0.4405,-0.3209,21.7
-0.4709,-0.4919,0.4562,-0.9893,0.7796,-1.2886,1.0551,-0.566,-0.6508,-1.1866,0.4405,-0.9646,28.6
-0.4863,-0.4919,0.4562,-0.9893,0.5515,-0.5797,1.0551,-0.566,-0.6508,-1.1866,0.3597,-0.79,27.1
-0.4685,-0.4919,0.4562,-0.9893,-0.7908,-0.3303,1.2377,-0.566,-0.6508,-1.1866,0.4405,0.5269,20.3
-0.484,3.0887,-1.2682,-1.3218,0.1907,-1.6804,2.0029,-0.4438,-0.2215,-1.7545,-0.1311,-1.1672,22.5
-0.4859,3.0887,-1.2682,-1.3218,1.4216,-2.0402,2.0029,-0.4438,-0.2215,-1.7545,-0.0645,-1.203,29.0
-0.4882,3.0887,-1.2682,-1.3218,1.1209,-0.7079,2.0029,-0.4438,-0.2215,-1.7545,0.32,-0.9957,24.8
-0.49,1.2473,-0.6998,-1.0252,0.624,-0.9573,0.8172,-0.1992,-0.4019,-1.1392,0.4175,-0.4612,22.0
-0.4784,1.2473,-0.6998,-1.0252,0.456,-1.741,0.8172,-0.1992,-0.4019,-1.1392,0.1754,-0.5905,26.4
-0.4769,1.2473,-0.6998,-1.0252,1.3172,-1.7659,0.8172,-0.1992,-0.4019,-1.1392,0.3114,-1.1843,33.1
-0.486,1.1961,-1.2771,-0.6747,1.7664,-0.9323,0.0713,-0.1992,-1.0676,-0.0506,0.3762,-0.8617,36.1
-0.486,1.1961,-1.2771,-0.6747,0.67,-0.3268,-0.2596,-0.1992,-1.0676,-0.0506,0.3699,-0.55,28.4
-0.4819,1.1961,-1.2771,-0.6747,2.0918,0.1648,-0.3971,-0.1992,-1.0676,-0.0506,0.4405,-0.9334,33.4
-0.4872,1.1961,-1.2771,-0.6747,1.082,0.1078,-0.3547,-0.1992,-1.0676,-0.0506,0.4405,-0.7682,28.2
-0.3971,-0.4919,-0.1373,-0.0276,0.7036,0.5424,-0.2863,-0.566,-0.5574,-0.0506,0.4405,-1.2342,22.8
-0.4263,-0.4919,-0.1373,-0.0276,-0.4689,0.3358,-0.3954,-0.566,-0.5574,-0.0506,0.4273,-0.3879,20.3
0.0376,-0.4919,-0.1373,-0.0276,-2.2356,-1.0499,-0.6914,-0.566,-0.5574,-0.0506,-0.4859,0.0282,16.1
-0.3368,-0.4919,-0.1373,-0.0276,-0.2036,-0.5156,-0.63,-0.566,-0.5574,-0.0506,0.4405,-1.0098,22.1
-0.4441,-0.4919,-0.1373,-0.0276,-0.3787,0.8239,-0.5317,-0.566,-0.5574,-0.0506,0.4285,-0.1152,19.4
-0.4425,-0.4919,-0.1373,-0.0276,0.051,0.5531,-0.314,-0.566,-0.5574,-0.0506,0.3705,-0.7105,21.6
-0.4222,-0.4919,-0.1373,-0.0276,0.5833,0.7134,-0.1417,-0.566,-0.5574,-0.0506,0.4163,-0.4955,23.8
-0.4457,-0.4919,-0.1373,-0.0276,-0.9411,0.3715,0.0322,-0.566,-0.5574,-0.0506,0.4309,-0.1495,16.2
-0.4326,-0.4919,-0.1373,-0.0276,-0.5715,0.5674,0.0594,-0.566,-0.5574,-0.0506,0.3168,0.915,17.8
-0.4474,-0.4919,-0.1373,-0.0276,-0.8049,0.1577,0.0762,-0.566,-0.5574,-0.0506,0.4405,0.5425,19.8
-0.4156,-0.4919,-0.1373,-0.0276,0.2562,-0.0026,-0.1772,-0.566,-0.5574,-0.0506,0.4068,-0.3271,23.1
-0.4007,-0.4919,-0.1373,-0.0276,-0.2196,-0.3018,0.0611,-0.566,-0.5574,-0.0506,0.4271,0.0422,21.0
-0.4632,-0.4919,-0.5094,-0.486,0.334,-0.5334,0.3344,-0.4438,-0.6632,0.5174,0.4405,-0.8196,23.8
-0.4603,-0.4919,-0.5094,-0.486,0.2455,-0.4621,0.3344,-0.4438,-0.6632,0.5174,0.4405,-0.8711,23.1
-0.4259,-0.4919,-0.5094,-0.486,-0.3469,-0.6189,0.4261,-0.4438,-0.6632,0.5174,0.4405,-0.7417,20.4
-0.4396,-0.4919,-0.5094,-0.486,-0.9358,0.2503,0.4261,-0.4438,-0.6632,0.5174,0.3254,-0.1121,18.5
-0.4279,-0.4919,-0.5094,-0.486,0.3145,-0.968,0.4261,-0.4438,-0.6632,0.5174,0.4405,-0.988,25.0
-0.4582,-0.4919,-0.5094,-0.486,0.3428,-1.8728,0.7788,-0.4438,-0.6632,0.5174,0.3762,-1.15,24.6
-0.4356,-0.4919,-0.5094,-0.486,0.1324,-1.3669,0.7788,-0.4438,-0.6632,0.5174,0.4405,-0.9833,23.0
-0.4483,-0.4919,-0.5094,-0.486,-0.2726,-0.8397,0.7788,-0.4438,-0.6632,0.5174,0.4405,0.0516,22.2
-0.4837,-0.4919,-1.1206,-0.7825,-0.6528,-1.4774,0.6766,-0.566,0.2265,-0.7606,0.1521,-0.3879,19.3
-0.4835,-0.4919,-1.1206,-0.7825,0.1695,-1.7837,0.6766,-0.566,0.2265,-0.7606,0.0079,-0.7978,22.6
-0.4879,-0.4919,-1.1206,-0.7825,-0.1647,-1.2494,1.0111,-0.566,0.2265,-0.7606,-0.1245,-0.5251,19.8
-0.487,1.2984,-0.7042,-0.9812,-0.9393,-1.3848,1.4004,-0.9329,-0.5574,-0.7606,0.383,-0.0045,17.1
-0.4901,1.2984,-0.7042,-0.9812,-0.3646,-1.5664,1.4004,-0.9329,-0.5574,-0.7606,-0.2506,-0.7214,19.4
-0.4868,-0.4919,-0.8327,-0.2882,0.1394,-1.0392,1.3079,-0.4438,-1.0552,0.8013,0.2971,-1.0565,22.2
-0.4896,-0.4919,-0.8327,-0.2882,0.1288,-1.025,1.3079,-0.4438,-1.0552,0.8013,0.2909,-0.8898,20.7
-0.4891,-0.4919,-0.8327,-0.2882,-0.354,-1.1675,1.0678,-0.4438,-1.0552,0.8013,0.4405,-0.6934,21.1
-0.4902,-0.4919,-0.8327,-0.2882,-0.6511,-0.7471,0.685,-0.4438,-1.0552,0.8013,0.4405,-0.4144,19.5
-0.491,-0.4919,-0.8327,-0.2882,-0.6051,-0.2733,0.8798,-0.4438,-1.0552,0.8013,0.3988,-0.296,18.5
-0.4905,-0.4919,-0.8327,-0.2882,-0.3151,-1.0677,0.4724,-0.4438,-1.0552,0.8013,0.4253,-0.6155,20.6
-0.486,-0.4919,-0.8327,-0.2882,-0.4459,-0.7792,0.4724,-0.4438,-1.0552,0.8013,0.4405,-0.4238,19.0
-0.4847,-0.4919,-0.8327,-0.2882,-0.476,-0.3125,0.4724,-0.4438,-1.0552,0.8013,0.4405,-0.4939,18.7
-0.4945,1.2984,-1.3745,-0.9443,1.7752,-0.6402,1.602,-0.9329,-0.6819,-1.4232,0.3974,-1.0861,32.7
-0.4921,-0.4919,-1.3199,-0.2613,0.5356,-0.2698,1.2107,-0.9329,0.1767,-1.2339,0.302,-0.5937,16.5
-0.492,2.3214,-1.0409,-0.5668,0.8114,-0.3873,0.9393,-0.4438,-0.1468,-0.4293,0.4405,-0.8228,23.9
-0.491,2.3214,-1.0409,-0.5668,1.1262,-1.3954,1.3115,-0.4438,-0.1468,-0.4293,0.2624,-1.2233,31.2
-0.4908,-0.4919,-0.9508,-0.9443,-0.3946,-0.6687,2.0972,-0.6883,-0.2588,0.1387,0.2159,-0.3007,17.5
-0.4847,-0.4919,-0.9508,-0.9443,-0.5998,-0.5334,2.0972,-0.6883,-0.2588,0.1387,-0.2035,0.0329,17.2
-0.4941,3.6002,-1.3022,-1.0072,0.7036,-1.3384,2.2649,-0.566,-0.7068,-0.7132,0.3216,-1.0082,24.5
-0.4913,1.5542,-1.4144,-1.0612,1.2412,-1.1675,2.4924,-0.9329,-0.3646,0.5647,0.2999,-1.0238,26.6
-0.4846,1.5542,-1.4144,-1.0612,0.4471,-0.8148,2.4924,-0.9329,-0.3646,0.5647,0.4405,-1.0098,22.9
0.3675,-0.4919,1.0733,2.0036,-0.2213,0.4997,-0.6966,1.8798,1.6949,0.8013,0.3176,0.0329,22.6
0.4245,-0.4919,1.0733,2.0036,0.2844,0.7384,-0.692,1.8798,1.6949,0.8013,-0.0051,-0.7277,25.0
0.2814,-0.4919,1.0733,2.0036,0.0245,0.8488,-0.805,1.8798,1.6949,0.8013,-0.4819,0.2698,19.9
0.2492,-0.4919,1.0733,2.0036,-1.5477,1.0305,-0.9024,1.8798,1.6949,0.8013,0.1192,-0.3536,20.8
0.253,-0.4919,1.0733,1.5363,-2.2533,0.8595,-1.0807,1.8798,1.6949,0.8013,-1.1723,0.2402,21.9
3.4819,-0.4919,1.0733,1.1139,1.9026,1.091,-1.302,1.8798,1.6949,0.8013,0.4405,0.1529,15.0
2.6051,-0.4919,1.0733,1.1139,0.7283,0.9272,-1.2875,1.8798,1.6949,0.8013,-0.2352,1.6802,13.9
1.4962,-0.4919,1.0733,1.1139,0.9848,1.1231,-1.2808,1.8798,1.6949,0.8013,0.4405,1.3685,13.3
4.3015,-0.4919,1.0733,1.1139,0.2526,1.0305,-1.2666,1.8798,1.6949,0.8013,0.4405,1.7504,13.1
3.1283,-0.4919,1.0733,1.1139,-0.025,1.1658,-1.2666,1.8798,1.6949,0.8013,0.3774,1.4527,10.2
2.7241,-0.4919,1.0733,1.1139,0.5444,1.1338,-1.199,1.8798,1.6949,0.8013,0.4405,1.3436,10.9
1.3671,-0.4919,1.0733,1.3745,-1.2399,1.1658,-1.1679,1.8798,1.6949,0.8013,0.4405,1.7363,11.3
1.1247,-0.4919,1.0733,1.3745,-1.2682,1.1658,-1.192,1.8798,1.6949,0.8013,0.4405,1.8859,12.3
3.5785,-0.4919,1.0733,1.3745,-3.3055,0.8524,-1.2395,1.8798,1.6949,0.8013,-1.7746,2.832,8.8
2.9143,-0.4919,1.0733,1.3745,-1.698,1.0982,-1.2463,1.8798,1.6949,0.8013,0.4405,2.86,7.2
4.4528,-0.4919,1.0733,1.3745,-2.8033,1.1658,-1.2254,1.8798,1.6949,0.8013,0.4405,2.4657,10.5
4.0882,-0.4919,1.0733,1.3745,-2.1878,0.7918,-1.1994,1.8798,1.6949,0.8013,0.4405,3.0439,7.4
2.4114,-0.4919,1.0733,1.3745,-2.4,1.1658,-1.1633,1.8798,1.6949,0.8013,-0.0378,2.8304,10.2
1.157,-0.4919,1.0733,1.3745,-1.4981,1.1267,-1.093,1.8798,1.6949,0.8013,0.4405,1.3077,11.5
0.9156,-0.4919,1.0733,1.3745,-0.9269,1.059,-0.9923,1.8798,1.6949,0.8013,0.3912,0.7249,15.1
0.5769,-0.4919,1.0733,1.3745,-0.3292,0.5424,-0.8698,1.8798,1.6949,0.8013,0.0711,0.982,23.2
1.8522,-0.4919,1.0733,1.3745,-2.1242,1.059,-1.0717,1.8798,1.6949,0.8013,0.4405,2.0605,9.7
1.257,-0.4919,1.0733,1.3116,-0.0781,0.9022,-1.061,1.8798,1.6949,0.8013,0.4405,0.4225,13.8
2.2138,-0.4919,1.0733,1.3116,-0.6192,0.977,-1.0656,1.8798,1.6949,0.8013,0.4405,0.6064,12.7
1.2716,-0.4919,1.0733,1.3116,0.4135,1.1231,-1.0942,1.8798,1.6949,0.8013,0.3423,0.7264,13.1
0.6944,-0.4919,1.0733,1.3116,0.2968,1.0234,-1.119,1.8798,1.6949,0.8013,0.4405,1.0771,12.5
1.0596,-0.4919,1.0733,1.3116,-0.8668,1.1267,-1.141,1.8798,1.6949,0.8013,0.3647,1.1628,8.5
1.5151,-0.4919,1.0733,1.3116,-0.6811,0.375,-1.2086,1.8798,1.6949,0.8013,-0.731,2.7291,6.3
4.5852,-0.4919,1.0733,1.3116,-0.4424,1.1658,-1.1637,1.8798,1.6949,0.8013,0.4405,2.2304,5.6
2.3916,-0.4919,1.0733,1.3116,0.1872,1.1658,-1.1711,1.8798,1.6949,0.8013,0.4405,1.2251,7.2
1.45,-0.4919,1.0733,1.3116,0.2951,1.1658,-1.1382,1.8798,1.6949,0.8013,0.0258,1.2236,12.1
4.5356,-0.4919,1.0733,1.3116,-1.5706,1.0234,-1.1058,1.8798,1.6949,0.8013,0.4405,1.1394,8.3
1.9279,-0.4919,1.0733,1.006,-1.1126,1.1658,-1.3178,1.8798,1.6949,0.8013,-0.8521,-0.0513,27.9
1.0052,-0.4919,1.0733,0.4488,-1.0967,1.091,-1.2317,1.8798,1.6949,0.8013,-1.2001,2.1727,17.2
2.4326,-0.4919,1.0733,0.4488,1.0873,1.1658,-1.2263,1.8798,1.6949,0.8013,-3.898,1.141,27.5
5.3177,-0.4919,1.0733,0.4488,-1.9137,1.1658,-1.1634,1.8798,1.6949,0.8013,-3.2676,1.1877,16.3
4.7667,-0.4919,1.0733,1.1858,-1.6502,0.7776,-1.1339,1.8798,1.6949,0.8013,-4.935,2.2101,10.4
1.7527,-0.4919,1.0733,1.5363,0.3074,1.1658,-1.0266,1.8798,1.6949,0.8013,-1.1181,0.3991,16.7
0.9279,-0.4919,1.0733,1.5363,-0.4088,0.9984,-1.0186,1.8798,1.6949,0.8013,-1.0936,0.5051,14.2
1.9476,-0.4919,1.0733,0.6016,-1.0419,0.7241,-0.9797,1.8798,1.6949,0.8013,-1.6606,0.2557,20.8
0.9978,-0.4919,1.0733,1.1858,-0.0781,0.3857,-0.9877,1.8798,1.6949,0.8013,-5.5459,1.4122,11.0
0.8105,-0.4919,1.0733,0.3319,0.3322,0.2682,-0.8533,1.8798,1.6949,0.8013,-5.5215,-0.0669,16.1
0.6353,-0.4919,1.0733,1.4913,0.3516,0.7348,-0.7947,1.8798,1.6949,0.8013,-5.4769,0.5861,14.3
2.3261,-0.4919,1.0733,1.4913,-0.0516,0.9877,-0.8422,1.8798,1.6949,0.8013,-5.4681,0.4225,11.7
1.7675,-0.4919,1.0733,1.734,0.693,0.9735,-0.8917,1.8798,1.6949,0.8013,-5.2842,1.6849,13.4
1.4084,-0.4919,1.0733,1.734,-1.079,0.9485,-1.0478,1.8798,1.6949,0.8013,0.4405,1.6241,12.8
3.9774,-0.4919,1.0733,1.734,-0.7412,0.8951,-1.0229,1.8798,1.6949,0.8013,0.3318,1.5041,10.5
1.4761,-0.4919,1.0733,1.734,0.2986,1.0661,-0.9219,1.8798,1.6949,0.8013,0.2223,1.1005,17.1
0.6527,-0.4919,1.0733,1.734,-0.0321,1.1658,-0.9525,1.8798,1.6949,0.8013,0.4163,0.6438,18.4
1.5252,-0.4919,1.0733,1.734,0.4383,1.1658,-0.9659,1.8798,1.6949,0.8013,0.2376,0.996,15.4
2.1007,-0.4919,1.0733,1.734,-0.6776,1.0447,-1.008,1.8798,1.6949,0.8013,-2.6783,1.7659,10.8
0.7788,-0.4919,1.0733,1.734,0.1836,1.0376,-0.9184,1.8798,1.6949,0.8013,-1.1329,0.8308,14.9
1.5168,-0.4919,1.0733,1.734,0.0245,1.0447,-0.8545,1.8798,1.6949,0.8013,0.2733,0.6204,12.6
1.3959,-0.4919,1.0733,1.4913,-0.0922,1.1195,-0.8222,1.8798,1.6949,0.8013,0.4405,0.8838,14.1
1.03,-0.4919,1.0733,1.4913,0.318,1.1053,-0.8611,1.8798,1.6949,0.8013,-1.4081,1.0677,13.0
0.6069,-0.4919,1.0733,1.4913,0.7389,1.1017,-0.7747,1.8798,1.6949,0.8013,-0.3894,0.8215,15.2
0.5357,-0.4919,1.0733,1.4913,0.1058,0.8737,-0.7681,1.8798,1.6949,0.8013,0.2049,0.7498,16.1
1.1765,-0.4919,1.0733,1.4913,2.044,1.1409,-0.7252,1.8798,1.6949,0.8013,0.021,0.6672,17.8
1.0759,-0.4919,1.0733,1.4913,0.1129,0.5852,-0.5575,1.8798,1.6949,0.8013,-2.0463,0.5877,14.9
0.8829,-0.4919,1.0733,1.4913,-0.2761,0.6101,-0.5908,1.8798,1.6949,0.8013,0.4405,0.3492,20.0
0.4793,-0.4919,1.0733,1.4913,0.8203,0.8096,-0.6517,1.8798,1.6949,0.8013,-2.3849,0.6173,16.4
0.2522,-0.4919,1.0733,1.4913,0.2455,0.7526,-0.6671,1.8798,1.6949,0.8013,0.3314,0.3415,17.7
0.8532,-0.4919,1.0733,1.4913,0.1412,0.5603,-0.5822,1.8798,1.6949,0.8013,0.4405,0.2386,19.5
0.6841,-0.4919,1.0733,1.4913,0.4878,0.8061,-0.5481,1.8798,1.6949,0.8013,0.379,-0.3381,20.2
1.0936,-0.4919,1.0733,0.9701,-0.0498,-0.0667,-0.466,1.8798,1.6949,0.8013,0.4405,0.1186,21.4
0.1448,-0.4919,1.0733,0.9701,-0.8456,-0.6794,-0.4137,1.8798,1.6949,0.8013,-0.806,0.2604,19.9
0.4002,-0.4919,1.0733,0.3319,-0.4141,0.9699,-0.6807,1.8798,1.6949,0.8013,-0.868,1.381,19.1
2.6634,-0.4919,1.0733,0.296,-0.5503,0.1328,-0.4939,1.8798,1.6949,0.8013,-0.1211,0.8838,19.1
2.156,-0.4919,1.0733,0.296,-0.9269,-0.3766,-0.5369,1.8798,1.6949,0.8013,0.4405,0.3586,20.1
0.3853,-0.4919,1.0733,0.296,-0.1241,0.5959,-0.4305,1.8798,1.6949,0.8013,0.4405,0.5971,19.9
0.3223,-0.4919,1.0733,-0.1354,-0.0144,0.8346,-0.397,1.8798,1.6949,0.8013,0.4091,0.064,19.6
0.227,-0.4919,1.0733,0.296,0.3534,0.2753,-0.5,1.8798,1.6949,0.8013,0.3701,0.2963,23.2
0.4458,-0.4919,1.0733,0.6016,1.3137,0.0117,-0.6845,1.8798,1.6949,0.8013,-0.0027,-0.1245,29.8
1.1375,-0.4919,1.0733,0.3319,-1.4327,1.002,-0.7368,1.8798,1.6949,0.8013,-0.4434,0.8854,13.8
0.8001,-0.4919,1.0733,0.3319,-0.1329,1.0732,-0.8504,1.8798,1.6949,0.8013,-1.437,1.8143,13.3
0.4913,-0.4919,1.0733,0.6016,0.4365,0.9379,-0.8,1.8798,1.6949,0.8013,0.4267,0.9695,16.7
2.5514,-0.4919,1.0733,0.6016,-1.6502,1.0697,-0.9039,1.8798,1.6949,0.8013,-0.5052,1.9405,12.0
1.5793,-0.4919,1.0733,0.6016,-0.0922,1.0483,-0.8684,1.8798,1.6949,0.8013,0.0974,0.8682,14.6
2.4114,-0.4919,1.0733,0.6016,-0.0144,0.7384,-0.9797,1.8798,1.6949,0.8013,0.1696,0.1014,21.4
0.6846,-0.4919,1.0733,-0.1354,0.0086,-0.0916,-0.2321,1.8798,1.6949,0.8013,0.4405,-0.2679,23.0
0.6611,-0.4919,1.0733,-0.1354,0.9069,0.2717,-0.2791,1.8798,1.6949,0.8013,0.3641,-0.7355,23.7
0.6658,-0.4919,1.0733,-0.1354,1.4569,0.3465,-0.239,1.8798,1.6949,0.8013,0.4081,-0.8492,25.0
0.0747,-0.4919,1.0733,-0.1354,-0.8403,-0.9608,0.11,1.8798,1.6949,0.8013,0.3611,-0.3178,21.8
-0.0145,-0.4919,1.0733,0.3229,-0.6475,-0.9038,-0.08,1.8798,1.6949,0.8013,-0.0815,0.1373,20.6
0.2483,-0.4919,1.0733,0.3229,0.1324,-0.5476,0.0559,1.8798,1.6949,0.8013,0.2753,-0.2929,21.2
0.6578,-0.4919,1.0733,0.3229,-0.2178,0.4463,-0.1704,1.8798,1.6949,0.8013,0.3563,0.3929,19.1
0.4841,-0.4919,1.0733,0.3229,-0.5874,-0.5013,-0.3701,1.8798,1.6949,0.8013,0.2673,-0.1573,20.6
-0.4666,-0.4919,2.4965,0.5566,-1.385,0.9058,-1.0459,-0.566,1.9749,0.754,0.4044,0.8729,15.2
-0.46,-0.4919,2.4965,0.5566,-1.4557,1.1053,-1.0791,-0.566,1.9749,0.754,-0.6135,1.794,7.0
-0.4551,-0.4919,2.4965,0.5566,-2.0234,1.0946,-1.045,-0.566,1.9749,0.754,-1.1245,2.6839,8.1
-0.4757,-0.4919,2.4965,0.5566,-0.4495,1.1231,-1.0219,-0.566,1.9749,0.754,0.305,0.8745,13.6
-0.4746,-0.4919,2.4965,0.5566,-0.4495,0.5781,-0.8992,-0.566,1.9749,0.754,0.4405,0.1389,20.1
-0.462,-0.4919,-0.1683,0.3409,-0.9375,-0.4728,-0.7612,-0.3215,-0.0161,0.328,0.4405,-0.07,21.8
-0.4404,-0.4919,-0.1683,0.3409,-0.5503,-0.8789,-0.7612,-0.3215,-0.0161,0.328,0.4405,0.1763,24.5
-0.4608,-0.4919,-0.1683,0.3409,-1.003,-1.3705,-0.5496,-0.3215,-0.0161,0.328,0.3685,0.8012,23.1
-0.4384,-0.4919,-0.1683,0.3409,-1.4981,0.2005,-0.5496,-0.3215,-0.0161,0.328,0.4405,1.3529,19.7
-0.4427,-0.4919,-0.1683,0.3409,-0.7837,0.1185,-0.5019,-0.3215,-0.0161,0.328,0.4405,0.2557,18.3
-0.4486,-0.4919,-0.1683,0.3409,-0.3858,-0.0703,-0.7473,-0.3215,-0.0161,0.328,0.4405,0.0718,21.2
-0.4611,-0.4919,-0.1683,0.3409,-1.1816,0.2218,-0.752,-0.3215,-0.0161,0.328,0.4179,0.4116,17.5
-0.4516,-0.4919,-0.1683,0.3409,-0.3716,0.4427,-0.7021,-0.3215,-0.0161,0.328,0.4405,0.2916,16.8
-0.4845,-0.4919,0.1624,0.2331,0.6293,0.0651,-0.7121,-0.9329,-0.7503,1.18,0.3425,-0.4347,22.4
-0.488,-0.4919,0.1624,0.2331,-0.2072,0.3358,-0.8091,-0.9329,-0.7503,1.18,0.4405,-0.5266,20.6
-0.4848,-0.4919,0.1624,0.2331,1.3066,0.8452,-0.87,-0.9329,-0.7503,1.18,0.4405,-1.0628,23.9
-0.4749,-0.4919,0.1624,0.2331,0.9848,0.7847,-0.7576,-0.9329,-0.7503,1.18,0.3717,-0.9318,22.0
-0.4875,-0.4919,0.1624,0.2331,-0.3663,0.4819,-0.6987,-0.9329,-0.7503,1.18,0.4405,-0.7137,11.9
